Squatting Name,Variant
vowel_character_deletion,mage generator
vowel_character_deletion,imge generator
vowel_character_deletion,imag generator
vowel_character_deletion,image gnerator
vowel_character_deletion,image genrator
vowel_character_deletion,image genertor
vowel_character_deletion,image generatr
vowel_character_insertion,aimage generator
vowel_character_insertion,eimage generator
vowel_character_insertion,oimage generator
vowel_character_insertion,iimage generator
vowel_character_insertion,uimage generator
vowel_character_insertion,imaage generator
vowel_character_insertion,imeage generator
vowel_character_insertion,imoage generator
vowel_character_insertion,imiage generator
vowel_character_insertion,imuage generator
vowel_character_insertion,imagae generator
vowel_character_insertion,imagee generator
vowel_character_insertion,imagoe generator
vowel_character_insertion,imagie generator
vowel_character_insertion,imague generator
vowel_character_insertion,image gaenerator
vowel_character_insertion,image geenerator
vowel_character_insertion,image goenerator
vowel_character_insertion,image gienerator
vowel_character_insertion,image guenerator
vowel_character_insertion,image genaerator
vowel_character_insertion,image geneerator
vowel_character_insertion,image genoerator
vowel_character_insertion,image genierator
vowel_character_insertion,image genuerator
vowel_character_insertion,image generaator
vowel_character_insertion,image genereator
vowel_character_insertion,image generoator
vowel_character_insertion,image generiator
vowel_character_insertion,image generuator
vowel_character_insertion,image generataor
vowel_character_insertion,image generateor
vowel_character_insertion,image generatoor
vowel_character_insertion,image generatior
vowel_character_insertion,image generatuor
vowel_character_substitution,amage generator
vowel_character_substitution,emage generator
vowel_character_substitution,omage generator
vowel_character_substitution,umage generator
vowel_character_substitution,imege generator
vowel_character_substitution,imoge generator
vowel_character_substitution,imige generator
vowel_character_substitution,imuge generator
vowel_character_substitution,imaga generator
vowel_character_substitution,imago generator
vowel_character_substitution,imagi generator
vowel_character_substitution,imagu generator
vowel_character_substitution,image ganerator
vowel_character_substitution,image gonerator
vowel_character_substitution,image ginerator
vowel_character_substitution,image gunerator
vowel_character_substitution,image genarator
vowel_character_substitution,image genorator
vowel_character_substitution,image genirator
vowel_character_substitution,image genurator
vowel_character_substitution,image generetor
vowel_character_substitution,image generotor
vowel_character_substitution,image generitor
vowel_character_substitution,image generutor
vowel_character_substitution,image generatar
vowel_character_substitution,image generater
vowel_character_substitution,image generatir
vowel_character_substitution,image generatur
misspelling_mistakes_substition,1mage generator
misspelling_mistakes_substition,lmage generator
misspelling_mistakes_substition,inage generator
misspelling_mistakes_substition,image gemerator
misspelling_mistakes_substition,image generat0r
puncatuation_deletion,imagegenerator
puncatuation_substitution,image-generator
puncatuation_substitution,image_generator
add_suffix_variants,image generatortutor
add_suffix_variants,image generator tutor
add_suffix_variants,image generator-tutor
add_suffix_variants,image generator_tutor
add_suffix_variants,image generator.tutor
add_suffix_variants,image generatormaster
add_suffix_variants,image generator master
add_suffix_variants,image generator-master
add_suffix_variants,image generator_master
add_suffix_variants,image generator.master
add_suffix_variants,image generatorassistant
add_suffix_variants,image generator assistant
add_suffix_variants,image generator-assistant
add_suffix_variants,image generator_assistant
add_suffix_variants,image generator.assistant
add_suffix_variants,image generatorpro
add_suffix_variants,image generator pro
add_suffix_variants,image generator-pro
add_suffix_variants,image generator_pro
add_suffix_variants,image generator.pro
add_suffix_variants,image generatorAI
add_suffix_variants,image generator AI
add_suffix_variants,image generator-AI
add_suffix_variants,image generator_AI
add_suffix_variants,image generator.AI
add_suffix_variants,image generator1
add_suffix_variants,image generator 1
add_suffix_variants,image generator-1
add_suffix_variants,image generator_1
add_suffix_variants,image generator.1
add_suffix_variants,image generator2
add_suffix_variants,image generator 2
add_suffix_variants,image generator-2
add_suffix_variants,image generator_2
add_suffix_variants,image generator.2
add_suffix_variants,image generatorâ… 
add_suffix_variants,image generator â… 
add_suffix_variants,image generator-â… 
add_suffix_variants,image generator_â… 
add_suffix_variants,image generator.â… 
add_suffix_variants,image generatorâ…¡
add_suffix_variants,image generator â…¡
add_suffix_variants,image generator-â…¡
add_suffix_variants,image generator_â…¡
add_suffix_variants,image generator.â…¡
add_suffix_variants,image generator+
add_suffix_variants,image generator +
add_suffix_variants,image generator-+
add_suffix_variants,image generator_+
add_suffix_variants,image generator.+
add_suffix_variants,image generator#
add_suffix_variants,image generator #
add_suffix_variants,image generator-#
add_suffix_variants,image generator_#
add_suffix_variants,image generator.#
add_suffix_variants,image generator$
add_suffix_variants,image generator $
add_suffix_variants,image generator-$
add_suffix_variants,image generator_$
add_suffix_variants,image generator.$
add_suffix_variants,image generator~
add_suffix_variants,image generator ~
add_suffix_variants,image generator-~
add_suffix_variants,image generator_~
add_suffix_variants,image generator.~
add_suffix_variants,image generatorğŸš€
add_suffix_variants,image generator ğŸš€
add_suffix_variants,image generator-ğŸš€
add_suffix_variants,image generator_ğŸš€
add_suffix_variants,image generator.ğŸš€
add_suffix_variants,image generatorğŸ‘
add_suffix_variants,image generator ğŸ‘
add_suffix_variants,image generator-ğŸ‘
add_suffix_variants,image generator_ğŸ‘
add_suffix_variants,image generator.ğŸ‘
add_suffix_variants,image generatorğŸ‰
add_suffix_variants,image generator ğŸ‰
add_suffix_variants,image generator-ğŸ‰
add_suffix_variants,image generator_ğŸ‰
add_suffix_variants,image generator.ğŸ‰
add_suffix_variants,image generatorâ­
add_suffix_variants,image generator â­
add_suffix_variants,image generator-â­
add_suffix_variants,image generator_â­
add_suffix_variants,image generator.â­
add_suffix_variants,image generatorğŸ”¥
add_suffix_variants,image generator ğŸ”¥
add_suffix_variants,image generator-ğŸ”¥
add_suffix_variants,image generator_ğŸ”¥
add_suffix_variants,image generator.ğŸ”¥
add_suffix_variants,image generatorğŸ
add_suffix_variants,image generator ğŸ
add_suffix_variants,image generator-ğŸ
add_suffix_variants,image generator_ğŸ
add_suffix_variants,image generator.ğŸ
add_suffix_variants,image generatorğŸ””
add_suffix_variants,image generator ğŸ””
add_suffix_variants,image generator-ğŸ””
add_suffix_variants,image generator_ğŸ””
add_suffix_variants,image generator.ğŸ””
add_suffix_variants,image generatorğŸŒŸ
add_suffix_variants,image generator ğŸŒŸ
add_suffix_variants,image generator-ğŸŒŸ
add_suffix_variants,image generator_ğŸŒŸ
add_suffix_variants,image generator.ğŸŒŸ
add_suffix_variants,image generatorğŸ’¡
add_suffix_variants,image generator ğŸ’¡
add_suffix_variants,image generator-ğŸ’¡
add_suffix_variants,image generator_ğŸ’¡
add_suffix_variants,image generator.ğŸ’¡
add_suffix_variants,image generatorğŸ“ˆ
add_suffix_variants,image generator ğŸ“ˆ
add_suffix_variants,image generator-ğŸ“ˆ
add_suffix_variants,image generator_ğŸ“ˆ
add_suffix_variants,image generator.ğŸ“ˆ
add_suffix_variants,image generatorğŸ’ª
add_suffix_variants,image generator ğŸ’ª
add_suffix_variants,image generator-ğŸ’ª
add_suffix_variants,image generator_ğŸ’ª
add_suffix_variants,image generator.ğŸ’ª
add_suffix_variants,image generatorâœ¨
add_suffix_variants,image generator âœ¨
add_suffix_variants,image generator-âœ¨
add_suffix_variants,image generator_âœ¨
add_suffix_variants,image generator.âœ¨
add_suffix_variants,image generatorâœ…
add_suffix_variants,image generator âœ…
add_suffix_variants,image generator-âœ…
add_suffix_variants,image generator_âœ…
add_suffix_variants,image generator.âœ…
add_suffix_variants,image generatorğŸ¥‡
add_suffix_variants,image generator ğŸ¥‡
add_suffix_variants,image generator-ğŸ¥‡
add_suffix_variants,image generator_ğŸ¥‡
add_suffix_variants,image generator.ğŸ¥‡
add_suffix_variants,image generatorğŸ’¥
add_suffix_variants,image generator ğŸ’¥
add_suffix_variants,image generator-ğŸ’¥
add_suffix_variants,image generator_ğŸ’¥
add_suffix_variants,image generator.ğŸ’¥
add_suffix_variants,image generatorğŸ“£
add_suffix_variants,image generator ğŸ“£
add_suffix_variants,image generator-ğŸ“£
add_suffix_variants,image generator_ğŸ“£
add_suffix_variants,image generator.ğŸ“£
add_suffix_variants,image generatorğŸ†
add_suffix_variants,image generator ğŸ†
add_suffix_variants,image generator-ğŸ†
add_suffix_variants,image generator_ğŸ†
add_suffix_variants,image generator.ğŸ†
add_suffix_variants,image generatorğŸ‘
add_suffix_variants,image generator ğŸ‘
add_suffix_variants,image generator-ğŸ‘
add_suffix_variants,image generator_ğŸ‘
add_suffix_variants,image generator.ğŸ‘
add_suffix_variants,image generatorğŸˆ
add_suffix_variants,image generator ğŸˆ
add_suffix_variants,image generator-ğŸˆ
add_suffix_variants,image generator_ğŸˆ
add_suffix_variants,image generator.ğŸˆ
add_suffix_variants,image generatorğŸ› 
add_suffix_variants,image generator ğŸ› 
add_suffix_variants,image generator-ğŸ› 
add_suffix_variants,image generator_ğŸ› 
add_suffix_variants,image generator.ğŸ› 
add_suffix_variants,image generatorğŸ“
add_suffix_variants,image generator ğŸ“
add_suffix_variants,image generator-ğŸ“
add_suffix_variants,image generator_ğŸ“
add_suffix_variants,image generator.ğŸ“
add_suffix_variants,image generatorğŸ’¬
add_suffix_variants,image generator ğŸ’¬
add_suffix_variants,image generator-ğŸ’¬
add_suffix_variants,image generator_ğŸ’¬
add_suffix_variants,image generator.ğŸ’¬
add_suffix_variants,image generatorğŸ¤–
add_suffix_variants,image generator ğŸ¤–
add_suffix_variants,image generator-ğŸ¤–
add_suffix_variants,image generator_ğŸ¤–
add_suffix_variants,image generator.ğŸ¤–
add_suffix_variants,image generatorğŸ“š
add_suffix_variants,image generator ğŸ“š
add_suffix_variants,image generator-ğŸ“š
add_suffix_variants,image generator_ğŸ“š
add_suffix_variants,image generator.ğŸ“š
add_suffix_variants,image generatorğŸ”
add_suffix_variants,image generator ğŸ”
add_suffix_variants,image generator-ğŸ”
add_suffix_variants,image generator_ğŸ”
add_suffix_variants,image generator.ğŸ”
add_suffix_variants,image generatorğŸ’­
add_suffix_variants,image generator ğŸ’­
add_suffix_variants,image generator-ğŸ’­
add_suffix_variants,image generator_ğŸ’­
add_suffix_variants,image generator.ğŸ’­
add_suffix_variants,image generatorâ³
add_suffix_variants,image generator â³
add_suffix_variants,image generator-â³
add_suffix_variants,image generator_â³
add_suffix_variants,image generator.â³
add_suffix_variants,image generatorğŸ§ 
add_suffix_variants,image generator ğŸ§ 
add_suffix_variants,image generator-ğŸ§ 
add_suffix_variants,image generator_ğŸ§ 
add_suffix_variants,image generator.ğŸ§ 
add_suffix_variants,image generatorğŸ“
add_suffix_variants,image generator ğŸ“
add_suffix_variants,image generator-ğŸ“
add_suffix_variants,image generator_ğŸ“
add_suffix_variants,image generator.ğŸ“
add_suffix_variants,image generatorğŸŒ
add_suffix_variants,image generator ğŸŒ
add_suffix_variants,image generator-ğŸŒ
add_suffix_variants,image generator_ğŸŒ
add_suffix_variants,image generator.ğŸŒ
add_suffix_variants,image generatorğŸ’¼
add_suffix_variants,image generator ğŸ’¼
add_suffix_variants,image generator-ğŸ’¼
add_suffix_variants,image generator_ğŸ’¼
add_suffix_variants,image generator.ğŸ’¼
add_suffix_variants,image generatorâš™ï¸
add_suffix_variants,image generator âš™ï¸
add_suffix_variants,image generator-âš™ï¸
add_suffix_variants,image generator_âš™ï¸
add_suffix_variants,image generator.âš™ï¸
add_suffix_variants,image generatorğŸ”‘
add_suffix_variants,image generator ğŸ”‘
add_suffix_variants,image generator-ğŸ”‘
add_suffix_variants,image generator_ğŸ”‘
add_suffix_variants,image generator.ğŸ”‘
add_suffix_variants,image generatorğŸŒ
add_suffix_variants,image generator ğŸŒ
add_suffix_variants,image generator-ğŸŒ
add_suffix_variants,image generator_ğŸŒ
add_suffix_variants,image generator.ğŸŒ
add_suffix_variants,image generatorğŸ“Š
add_suffix_variants,image generator ğŸ“Š
add_suffix_variants,image generator-ğŸ“Š
add_suffix_variants,image generator_ğŸ“Š
add_suffix_variants,image generator.ğŸ“Š
add_suffix_variants,image generatorğŸ–¥
add_suffix_variants,image generator ğŸ–¥
add_suffix_variants,image generator-ğŸ–¥
add_suffix_variants,image generator_ğŸ–¥
add_suffix_variants,image generator.ğŸ–¥
add_suffix_variants,image generatorğŸ“Œ
add_suffix_variants,image generator ğŸ“Œ
add_suffix_variants,image generator-ğŸ“Œ
add_suffix_variants,image generator_ğŸ“Œ
add_suffix_variants,image generator.ğŸ“Œ
add_suffix_variants,image generatorğŸ¯
add_suffix_variants,image generator ğŸ¯
add_suffix_variants,image generator-ğŸ¯
add_suffix_variants,image generator_ğŸ¯
add_suffix_variants,image generator.ğŸ¯
add_suffix_variants,image generatorğŸ“†
add_suffix_variants,image generator ğŸ“†
add_suffix_variants,image generator-ğŸ“†
add_suffix_variants,image generator_ğŸ“†
add_suffix_variants,image generator.ğŸ“†
add_suffix_variants,image generatorğŸ’°
add_suffix_variants,image generator ğŸ’°
add_suffix_variants,image generator-ğŸ’°
add_suffix_variants,image generator_ğŸ’°
add_suffix_variants,image generator.ğŸ’°
add_suffix_variants,image generatorğŸ”—
add_suffix_variants,image generator ğŸ”—
add_suffix_variants,image generator-ğŸ”—
add_suffix_variants,image generator_ğŸ”—
add_suffix_variants,image generator.ğŸ”—
add_suffix_variants,image generatorğŸ§©
add_suffix_variants,image generator ğŸ§©
add_suffix_variants,image generator-ğŸ§©
add_suffix_variants,image generator_ğŸ§©
add_suffix_variants,image generator.ğŸ§©
add_suffix_variants,image generatorğŸš§
add_suffix_variants,image generator ğŸš§
add_suffix_variants,image generator-ğŸš§
add_suffix_variants,image generator_ğŸš§
add_suffix_variants,image generator.ğŸš§
add_suffix_variants,image generatorğŸŒ±
add_suffix_variants,image generator ğŸŒ±
add_suffix_variants,image generator-ğŸŒ±
add_suffix_variants,image generator_ğŸŒ±
add_suffix_variants,image generator.ğŸŒ±
